Nama Barang,Brand,Lokasi,Terjual,Image Url,Link Produk,Deskripsi
Project 1945 Waters of Maluku Perfume | EDP Parfum Unisex 100ml,Project 1945,Jakarta Utara,750+ terjual,https://images.tokopedia.net/img/cache/200-square/VqbcmM/2022/12/2/8a71ff68-2c13-4c5e-9721-1a0a22badc1f.png,https://www.tokopedia.com/project1945/project-1945-waters-of-maluku-perfume-edp-parfum-unisex-100ml?extParam=ivf%3Dfalse%26src%3Dsearch,"PROJECT 1945 WATERS OF MALUKU EDPğŸ‡®ğŸ‡©GRATIS 45k OFF Voucher untuk pembelian 1x 100ml berikutnya. **Voucher hanya berlaku 60 Hari setelah pesanan selesai. ---------------------------------WATERS OF MALUKU EDPBPOM: NA18220603248Terinspirasi dari elok bahari Maluku, diawali dengan segar teduh padu wangi Green Tea & Grapefruit beriringan dengan lembut heningnya Cinnamon, Lotus & Peony ditutup dengan hangatnya Clove, Incense & Musk. Semua merangkum nuansa kepulauan eksotis yang dipeluk pantai-pantai nan indah dan melahirkan budaya serta spirit bahu membahu. Tipe: Eau De Parfum (EDP)Woody, White Floral, Spicy, AmberParfum NotesTop: Grapefruit, Carrot, Green TeaMid: Lotus, Peony, CinnamonBase: Clove, Cistus, Incense, Musk---------------------------------PENGIRIMAN ğŸšš*Pengiriman setiap hari kecuali Sabtu, Minggu, dan tanggal merah.*Pesanan akan dikirim hari yang sama jika-Konfirmasi pembayaran dilakukan sebelum jam 3 sore (Senin-Jumat) |Lebih dari itu akan ikut pengiriman di *hari kerja* berikutnya.*Pengiriman dilakukan dari Jakarta, dan durasi pengiriman disesuaikan dengan kebijakan jarak dan ketepatan waktu masing-masing jasa antar.*Apabila ada kendala silahkan langsung menghubungi Tim Project 1945, dan kami siap membantu.â€ƒ"
Alchemist Fragrance - Powder Room | Eau de Parfum,Alchemist Fragrance,Jakarta Pusat,3rb+ terjual,https://images.tokopedia.net/img/cache/200-square/VqbcmM/2023/11/2/40ee57ee-aa8d-471b-baa8-d169b71524d1.jpg,https://www.tokopedia.com/alchemistfragrance/alchemist-fragrance-powder-room-eau-de-parfum?extParam=ivf%3Dtrue%26src%3Dsearch,"ğ’ğğ¥ğ®ğ«ğ®ğ¡ ğ©ğ«ğ¨ğğ®ğ¤ ğ€ğ¥ğœğ¡ğğ¦ğ¢ğ¬ğ­ ğ…ğ«ğšğ ğ«ğšğ§ğœğ ğ›ğğ«ğ ğšğ«ğšğ§ğ¬ğ¢. ğ“ğğ«ğğšğ©ğšğ­ ğ°ğšğ«ğ«ğšğ§ğ­ğ² ğœğšğ«ğ ğ®ğ§ğ­ğ®ğ¤ ğ¬ğğ­ğ¢ğšğ© ğ©ğğ¦ğ›ğğ¥ğ¢ğšğ§.ğ‰ğ¢ğ¤ğš ğ©ğ«ğ¨ğğ®ğ¤ ğ²ğšğ§ğ  ğ¤ğšğ¦ğ® ğ­ğğ«ğ¢ğ¦ğš ğ›ğğ«ğ¦ğšğ¬ğšğ¥ğšğ¡ (ğ›ğ¨ğœğ¨ğ«, ğ©ğğœğšğ¡, ğ«ğğ­ğšğ¤, ğ­ğğ«ğ¬ğ®ğ¦ğ›ğšğ­, ğšğ­ğšğ® ğ¤ğğ«ğ®ğ¬ğšğ¤ğšğ§ ğ¥ğšğ¢ğ§ğ§ğ²ğš), ğ¬ğ¢ğ¥ğšğ¤ğšğ§ ğ¡ğ®ğ›ğ®ğ§ğ ğ¢ ğšğğ¦ğ¢ğ§ ğ¦ğğ¥ğšğ¥ğ®ğ¢ ğœğ¡ğšğ­ ğğšğ§ ğ¬ğğ«ğ­ğšğ¤ğšğ§ ğ›ğ®ğ¤ğ­ğ¢ ğŸğ¨ğ­ğ¨ ğšğ­ğšğ® ğ¯ğ¢ğğğ¨ ğ©ğ«ğ¨ğğ®ğ¤.ğ†ğšğ«ğšğ§ğ¬ğ¢ ğ¡ğšğ§ğ²ğš ğ›ğğ«ğ¥ğšğ¤ğ® ğ®ğ§ğ­ğ®ğ¤ ğ©ğğ¦ğ›ğğ¥ğ¢ ğ²ğšğ§ğ  ğ›ğğ¥ğ®ğ¦ ğ¦ğğ§ğ²ğğ¥ğğ¬ğšğ¢ğ¤ğšğ§ ğ­ğ«ğšğ§ğ¬ğšğ¤ğ¬ğ¢. ğ†ğšğ«ğšğ§ğ¬ğ¢ ğ©ğ«ğ¨ğğ®ğ¤ ğ­ğ¢ğğšğ¤ ğ¥ğšğ ğ¢ ğ›ğğ«ğ¥ğšğ¤ğ® ğ£ğ¢ğ¤ğš ğ©ğğ¦ğ›ğğ¥ğ¢ ğ­ğğ¥ğšğ¡ ğ¦ğğ¦ğ›ğğ«ğ¢ ğ©ğğ§ğ¢ğ¥ğšğ¢ğšğ§ ğğšğ§ ğ®ğ¥ğšğ¬ğšğ§.-Aroma yang ringan dan menenangkan dengan fresh watery accord dan pink pepper. Setelah beberapa saat, kamu akan disambut dengan violet dan aroma musk yang membuat Powder Room adalah pilihan aroma kulit yang klasik dan berkarisma. Description:Calm, and collected. Powder Room smells crisp thanks to its generous splash of fresh watery accord and pink pepper. Violet and a hint of musky notes give this fragrance its uplifting charisma and down-to-earth profile.Powder Room is the genderless everyday perfume that brings out the natural skin scent. Mood:CleanCrispPowderyNotes:Top: fresh watery accord, rose, pink pepperHeart: violet, orange blossom, peonyBase: musky notes, marine notes, sandalwoodFragrance performance:Sillage: 4/5Projection: 4/5Longevity: 4/5BPOM - NA18220600670"
SAFF & Co. Extrait de Parfum - COCO,SAFF & Co,Tangerang,5rb+ terjual,https://images.tokopedia.net/img/cache/200-square/VqbcmM/2023/5/8/856b71f2-108b-4152-968a-4107bb431df4.png,https://www.tokopedia.com/saffnco/saff-co-extrait-de-parfum-coco?extParam=ivf%3Dfalse%26src%3Dsearch,"COCO carries the weight of untold legacy as the sun threaded its golden strands through noble gatherings amidst citrus orchards. A fragrant heirloom, weaving through generations like timeless tapestries of histories. COCO - Citrus, Woody, Balsamic (Unisex)Top Notes	 | Bergamot, Mandarin Orange, NeroliMiddle Notes | Ylang-ylang, Turkish Rose, Ivy, PatchouliBase Notes	 | White Musk, Tonka Bean, Vetiver"
Alchemist Fragrance - Galleria | Eau de Parfum,Alchemist Fragrance,Jakarta Pusat,750+ terjual,https://images.tokopedia.net/img/cache/200-square/VqbcmM/2023/11/2/b6fc28ff-4486-43bb-916f-ef0b2d0b3627.jpg,https://www.tokopedia.com/alchemistfragrance/alchemist-fragrance-galleria-eau-de-parfum?extParam=ivf%3Dtrue%26src%3Dsearch,"ğ’ğğ¥ğ®ğ«ğ®ğ¡ ğ©ğ«ğ¨ğğ®ğ¤ ğ€ğ¥ğœğ¡ğğ¦ğ¢ğ¬ğ­ ğ…ğ«ğšğ ğ«ğšğ§ğœğ ğ›ğğ«ğ ğšğ«ğšğ§ğ¬ğ¢. ğ“ğğ«ğğšğ©ğšğ­ ğ°ğšğ«ğ«ğšğ§ğ­ğ² ğœğšğ«ğ ğ®ğ§ğ­ğ®ğ¤ ğ¬ğğ­ğ¢ğšğ© ğ©ğğ¦ğ›ğğ¥ğ¢ğšğ§.ğ‰ğ¢ğ¤ğš ğ©ğ«ğ¨ğğ®ğ¤ ğ²ğšğ§ğ  ğ¤ğšğ¦ğ® ğ­ğğ«ğ¢ğ¦ğš ğ›ğğ«ğ¦ğšğ¬ğšğ¥ğšğ¡ (ğ›ğ¨ğœğ¨ğ«, ğ©ğğœğšğ¡, ğ«ğğ­ğšğ¤, ğ­ğğ«ğ¬ğ®ğ¦ğ›ğšğ­, ğšğ­ğšğ® ğ¤ğğ«ğ®ğ¬ğšğ¤ğšğ§ ğ¥ğšğ¢ğ§ğ§ğ²ğš), ğ¬ğ¢ğ¥ğšğ¤ğšğ§ ğ¡ğ®ğ›ğ®ğ§ğ ğ¢ ğšğğ¦ğ¢ğ§ ğ¦ğğ¥ğšğ¥ğ®ğ¢ ğœğ¡ğšğ­ ğğšğ§ ğ¬ğğ«ğ­ğšğ¤ğšğ§ ğ›ğ®ğ¤ğ­ğ¢ ğŸğ¨ğ­ğ¨ ğšğ­ğšğ® ğ¯ğ¢ğğğ¨ ğ©ğ«ğ¨ğğ®ğ¤.ğ†ğšğ«ğšğ§ğ¬ğ¢ ğ¡ğšğ§ğ²ğš ğ›ğğ«ğ¥ğšğ¤ğ® ğ®ğ§ğ­ğ®ğ¤ ğ©ğğ¦ğ›ğğ¥ğ¢ ğ²ğšğ§ğ  ğ›ğğ¥ğ®ğ¦ ğ¦ğğ§ğ²ğğ¥ğğ¬ğšğ¢ğ¤ğšğ§ ğ­ğ«ğšğ§ğ¬ğšğ¤ğ¬ğ¢. ğ†ğšğ«ğšğ§ğ¬ğ¢ ğ©ğ«ğ¨ğğ®ğ¤ ğ­ğ¢ğğšğ¤ ğ¥ğšğ ğ¢ ğ›ğğ«ğ¥ğšğ¤ğ® ğ£ğ¢ğ¤ğš ğ©ğğ¦ğ›ğğ¥ğ¢ ğ­ğğ¥ğšğ¡ ğ¦ğğ¦ğ›ğğ«ğ¢ ğ©ğğ§ğ¢ğ¥ğšğ¢ğšğ§ ğğšğ§ ğ®ğ¥ğšğ¬ğšğ§.-Floral dan classy - Galleria akan menyapamu dengan aroma Tuberose, Honey dan Plum. Yang memberikan kesan airy, graceful terhadap aroma bunga Sedap Malam.Description:A scent that transcends you into a world where you can feel free to express your true femininity. Flourish in whiffs of floral beauty.Mood: Sweet Floral, Romance, RelaxedNotes:Top: Cape Jasmine, PlumHeart: Tuberose, OielletBase: Honey, RedwoodFragrance Performance:Sillage: 4/5Projection: 4/5Longevity: 4/5BPOMÂ :Â NA18230602889"
ALT Perfume | MORROCAN SUNSET | 50ml | Eau De Parfum,Alt Perfume,Tangerang Selatan,2rb+ terjual,https://images.tokopedia.net/img/cache/200-square/VqbcmM/2021/10/30/53b69e70-2e6d-4309-a2ff-13346f0614b6.png,https://www.tokopedia.com/altperfume/alt-perfume-morrocan-sunset-50ml-eau-de-parfum?extParam=cmp%3D1%26ivf%3Dfalse%26src%3Dsearch,"âœ¨BARUâœ¨Unlock Your Alter EgoMORROCAN SUNSETUnlocking : Misterious, Energy Boost, LustSebuah parfum yang terinpirasi dari keajaiban Neroli. sebuah tanaman dengan aromaunik yang berasal dari Marroco yang merupakan one of the sexiest destination in the world. Sunset di marroco merupakan peralihan dari siang hari yang aktive menuju malam yang eksotis dan penuh gemerlap dan kesenangan sehingga Alt Morrocan Sunset sangat menggambarkan kamu yang memiliki kepribadian selalu ready to conquer the night, ready to unlock this alter ego?â€¢Size : 50mlâ€¢ Category : Luxury EDPâ€¢ Longevity : Up to 8 hours**â€¢ Sillage : Sweet, spicy, a perfect unisex perfumeâ€¢ Top Notes : Neroli, bergamot, red fruitsâ€¢ Middle Notes : orange blossom, jasmine, cinnamon, resinâ€¢ Base Notes : Vanilla, caramel, musk, cedarwoodâ€¢ Usage time : Night and formalKemasan :- Hardbox- 1 pcs EDP Alt Morrocan Sunset 50ml- Kartu garansi- Manual card- âœ¨Kartu promoâœ¨ğŸŒŸBISA REQUEST KARTU UCAPAN CUSTOM UNTUK HADIAHğŸŒŸDengan packaging unboxing experience yang EXTRA, Alt cocok untuk dijadikan hadiahSilahkan DM mimin untuk custom kartu ucapan + jangan lupa untuk checkout product personalized greeting card.**Ketahanan parfum bisa berbeda beda disetiap pemakainya. Tergantung dengan jenin kulit, tingkat kelembapan kulit (semakin lembap semakin tahan lama), keadaan cuaca, jumlah keringat, suhu badan."
Parfum Lattafa Ana Abiyedh I Am White EDP 60ml for Unisex,ETC,Jakarta Barat,100+ terjual,https://images.tokopedia.net/img/cache/200-square/VqbcmM/2023/6/9/90364e14-6c79-4c80-b71c-311c2a633751.png,https://www.tokopedia.com/etcstore/parfum-lattafa-ana-abiyedh-i-am-white-edp-60ml-for-unisex?extParam=ivf%3Dfalse%26src%3Dsearch,"Parfum ini mengingatkan akan Xerjoff Erba PuraLattafa Ana Abiyedh I am White adalah parfum pria wanita yang bernuansa Vanilla Powdery yang memiliki campuran aroma-aroma seperti Bergamot, Orange, Vanilla, Pear, Musk dan Amber.Aroma: Vanilla Musky SpicyPerfume rating 3.92 out of 5 with 654 votesNamun, penting untuk diingat bahwa pengalaman aroma parfum dapat bervariasi antara individu karena interaksi dengan pH kulit dan kepekaan aroma pribadi.Disclaimers:Berdasarkan peraturan HAK KEKAYAAN INTELEKTUAL (HAKI) yang berlaku, maka untuk informasi produk yang lebih detail anda dapat mencarinya di internet."
SAFF & Co. Extrait de Parfum - LAS POZAS,SAFF & Co,Tangerang,4rb+ terjual,https://images.tokopedia.net/img/cache/200-square/VqbcmM/2023/5/8/1173f155-f5d2-4225-b783-dbd72ce5ff01.png,https://www.tokopedia.com/saffnco/saff-co-extrait-de-parfum-las-pozas?extParam=ivf%3Dfalse%26src%3Dsearch,"Rustling wind and singing birds, as i walk through the forest listening to the natureâ€™s song of the Angelâ€™s trumpet. White and hopeful, it breathes. Velvety body of Sumatran benzoin grounded with a humbling blend of cashmeran and sandalwood is serene yet so surreal. Stand still. LAS POZAS knows where you are. You must let it find you.Top Notes	 | Datura a.k.a The Angel's TrumpetMiddle Notes    | Sumatran benzoin & NutmegDry Down 	 | Cashmeran, Cedar, Sandalwood"
Mykonos Bonfire Vanilla Extrait De Parfum,MYKONOS,Jakarta Timur,750+ terjual,https://images.tokopedia.net/img/cache/200-square/VqbcmM/2023/10/31/4924d237-1374-42ee-a475-e08566edbd31.jpg,https://www.tokopedia.com/mykonos/mykonos-bonfire-vanilla-extrait-de-parfum?extParam=ivf%3Dfalse%26src%3Dsearch,"Note: Produk kami bergaransi 100%. Bila ada kerusakan atau kebocoran di produk parfum nya, tolong hubungi admin kami by chat untuk kami bantu cari jalan keluar nya. Kalau pembeli memberi rating atau komentar negatif sebelum chat admin kami untuk cari jalan keluar, maka garansi produk tidak lagi berlaku. Have you ever dreamt of the warm feeling of biting into smores roasted on a campfire against a cold winter?Picture this: Youâ€™re dressed in a sexy black dress, ready for a festive dinner, but Itâ€™s snowing outside, yet you feel so warm sitting by the campfire, snuggling under fuzzy blankets, whilst roasting vanilla marshmallows with a loved one.Bonfire vanilla is a smoky blend of Wood fire, sweet spices, brown sugar & Roasted Vanilla.An extrait de parfum that will last all day on your skin,A scent that starts off spicy & strong, but dries down cozy & warm. Top notes: Cloves, nutmeg, Pink pepper, orange zest & Vanilla Middle notes: Smoked wood, Pepper, Guaic wood, Burnt brown sugarBase notes: Smoked Wood, Vanilla, marshmallow, caramelBPOM : NA18220603948"
SAFF & Co. Extrait de Parfum - CHNO,SAFF & Co,Tangerang,6rb+ terjual,https://images.tokopedia.net/img/cache/200-square/VqbcmM/2023/5/8/8e30d842-7053-4b2e-a222-1580e4106764.png,https://www.tokopedia.com/saffnco/saff-co-extrait-de-parfum-chno?extParam=ivf%3Dfalse%26src%3Dsearch,"Welcome to the world of CHNO, where dark reality intertwines with your wildest fantasies. CHNO attracts your senses like a sirenâ€™s song â€“ an addicting reverie that reveals the surreal secrets of the nightfall.CHNO - Vanilla, Sweet, Balsamic (Unisex - Women)Top Notes	 | Pink pepper, Neroli, PearMiddle Notes    | Coffee, Jasmine, Bitter Almond, LicoriceBase Notes	 | Vanilla, Patchouli, Cedar, Cashmere wood"
Nifty Twice 540 Inspired by Baccarat Rouge EDP 50mL Parfum Original,NIFTY TWICE OFFICIAL,Bandung,500+ terjual,https://images.tokopedia.net/img/cache/200-square/VqbcmM/2022/11/11/e68ed8ba-30e6-4642-924d-e227e2fdfbad.png,https://www.tokopedia.com/niftytwiceofficial/nifty-twice-540-inspired-by-baccarat-rouge-edp-50ml-parfum-original?extParam=ivf%3Dfalse%26src%3Dsearch,"Baccarat Rouge 540 (Unisex) (Woody, Amber, Warm Spicy, Fresh Spicy)Top Notes: Saffron, JasmineMiddle Notes: Amberwood, AmbergrisBase Notes: Fir Resin, CedarEau de Parfum 50mLPENGIRIMANâ€¢ setiap pembelian 1 pcs parfume , free smelling parfume / pepper tester  dan boleh request all varian atau disesuaikan dengan stock yang adakegunaan smelling parfume/pepper testerâ€¢ Untuk menganalisis aroma dari fragrance (top note, middle note, dan bottom note)â€¢ bisa digantung di lemari pakaian  / sebagai pengharum lemari pakaian  dan bisa tahan sampai 1 bulan â€¢ Nifty Twice dikirim dari Bandung, pemesanan sebelum jam 5 dikirim di hari yang sama.â€¢ Pengiriman Setiap HariKOMPLAIN/RETURâ€¢ Sertakan video unboxing untuk klaim komplain, apabila tidak menyertakan video saat komplain mohon maaf kami tidak dapat memproses komplain tersebut.â€¢ Chat admin terlebih dahulu sebelum memberikan rating bintang apabila ada masalah pada paket yang diterima.â€¢ Batas retur barang 3x24 jam setelah paket diterima.PENGGUNAAN Nifty Twiceâ€¢ Semprotkan Nifty Twice Parfum di urat nadi tangan, area leher, belakang telinga & dada.â€¢ Spraying ke baju diberi jarak 15-20cm."
Alchemist Fragrance - Out West | Extrait de Parfum,Alchemist Fragrance,Jakarta Pusat,3rb+ terjual,https://images.tokopedia.net/img/cache/200-square/VqbcmM/2023/11/2/d14878ed-ebd8-4384-80be-db847ac3f3d7.jpg,https://www.tokopedia.com/alchemistfragrance/alchemist-fragrance-out-west-extrait-de-parfum?extParam=ivf%3Dtrue%26src%3Dsearch,"ğ’ğğ¥ğ®ğ«ğ®ğ¡ ğ©ğ«ğ¨ğğ®ğ¤ ğ€ğ¥ğœğ¡ğğ¦ğ¢ğ¬ğ­ ğ…ğ«ğšğ ğ«ğšğ§ğœğ ğ›ğğ«ğ ğšğ«ğšğ§ğ¬ğ¢. ğ“ğğ«ğğšğ©ğšğ­ ğ°ğšğ«ğ«ğšğ§ğ­ğ² ğœğšğ«ğ ğ®ğ§ğ­ğ®ğ¤ ğ¬ğğ­ğ¢ğšğ© ğ©ğğ¦ğ›ğğ¥ğ¢ğšğ§.ğ‰ğ¢ğ¤ğš ğ©ğ«ğ¨ğğ®ğ¤ ğ²ğšğ§ğ  ğ¤ğšğ¦ğ® ğ­ğğ«ğ¢ğ¦ğš ğ›ğğ«ğ¦ğšğ¬ğšğ¥ğšğ¡ (ğ›ğ¨ğœğ¨ğ«, ğ©ğğœğšğ¡, ğ«ğğ­ğšğ¤, ğ­ğğ«ğ¬ğ®ğ¦ğ›ğšğ­, ğšğ­ğšğ® ğ¤ğğ«ğ®ğ¬ğšğ¤ğšğ§ ğ¥ğšğ¢ğ§ğ§ğ²ğš), ğ¬ğ¢ğ¥ğšğ¤ğšğ§ ğ¡ğ®ğ›ğ®ğ§ğ ğ¢ ğšğğ¦ğ¢ğ§ ğ¦ğğ¥ğšğ¥ğ®ğ¢ ğœğ¡ğšğ­ ğğšğ§ ğ¬ğğ«ğ­ğšğ¤ğšğ§ ğ›ğ®ğ¤ğ­ğ¢ ğŸğ¨ğ­ğ¨ ğšğ­ğšğ® ğ¯ğ¢ğğğ¨ ğ©ğ«ğ¨ğğ®ğ¤.ğ†ğšğ«ğšğ§ğ¬ğ¢ ğ¡ğšğ§ğ²ğš ğ›ğğ«ğ¥ğšğ¤ğ® ğ®ğ§ğ­ğ®ğ¤ ğ©ğğ¦ğ›ğğ¥ğ¢ ğ²ğšğ§ğ  ğ›ğğ¥ğ®ğ¦ ğ¦ğğ§ğ²ğğ¥ğğ¬ğšğ¢ğ¤ğšğ§ ğ­ğ«ğšğ§ğ¬ğšğ¤ğ¬ğ¢. ğ†ğšğ«ğšğ§ğ¬ğ¢ ğ©ğ«ğ¨ğğ®ğ¤ ğ­ğ¢ğğšğ¤ ğ¥ğšğ ğ¢ ğ›ğğ«ğ¥ğšğ¤ğ® ğ£ğ¢ğ¤ğš ğ©ğğ¦ğ›ğğ¥ğ¢ ğ­ğğ¥ğšğ¡ ğ¦ğğ¦ğ›ğğ«ğ¢ ğ©ğğ§ğ¢ğ¥ğšğ¢ğšğ§ ğğšğ§ ğ®ğ¥ğšğ¬ğšğ§.Aroma sitrus dan buah dari yuzu, bergamot, dan green apple membuka kesan segar saat dipadukan dengan kesederhanaan wangi kayu cedar. Sebagai penutup, kelembutan dari musk dan intensitas dari vetiver mencerminkan rasa hangat dan ketenangan alam.Out West adalah extrait de parfum dengan konsentrasi minyak parfum 40%.Hindari menyemprotkan parfum ke pakaian. Cairan dapat meninggalkan noda pada kain.The mix of citrus and fruits notes of yuzu, bergamot, and green apple opens the fresh Out West experience. Together with the warmth of cedarwood, the fragrance closes with the softness of musk and the intensity of vetiver depicts a warm and tranquil nature.Out West stands out as earthy and pleasant for all genders. If you're looking for a vacation from your city life, start with a perfume that takes you away to tranquility.Out West is extrait de parfum with 40% perfume oil concentration.Avoid spraying perfume to your clothes. Liquid can cause stubborn stains on fabric.Mood:WarmEarthyTranquilNotes:Top: yuzu, bergamot, green appleHeart: cedarwood, rose, plumBase: musk, patchouli, vetiverExp Date: 10/25"
SAFF & Co. Extrait de Parfum - S.O.T.B,SAFF & Co,Tangerang,10rb+ terjual,https://images.tokopedia.net/img/cache/200-square/VqbcmM/2023/7/20/e4192376-5d6f-4696-8125-b1c0837f21a7.png,https://www.tokopedia.com/saffnco/saff-co-extrait-de-parfum-s-o-t-b?extParam=ivf%3Dfalse%26src%3Dsearch,"S. O. T. B captures the perfect summer dream like no other: sun-kissed skin, colorful swimwear, fun pool parties, and a glass of refreshing Sex on the Beach! Designed with an exciting blend of mandarin, sweet floral notes, and rich vanilla musk, this tropical scent will remind you of warm sea breeze, soft sands, and lush palm trees on a hot summer day.Top Notes      | Mandarin, Galbanum, Ylang Middle Notes |Tuberose, Jasmine, Orange flower Dry-down       | Vanilla, Tonka bean, Musk"
Scarlett Whitening Eau De Parfum Dreamy 30ml,Scarlett Whitening Official Shop,Jakarta Utara,1rb+ terjual,https://images.tokopedia.net/img/cache/200-square/VqbcmM/2023/11/29/0e96627c-3e1e-458b-958b-286b55f5751e.png,https://www.tokopedia.com/scarlettwhite/scarlett-whitening-eau-de-parfum-dreamy-30ml?extParam=ivf%3Dfalse%26src%3Dsearch,"Scarlett Whitening Eau De Parfum Dreamy 30mlScarlett Whitening Eau De Parfum Dreamy Untuk berikan kesegaran dan keharuman mewah dalam setiap semprotan dengan kemasan yang Ready To Go cocok untuk temani harimu, mudah dibawa kemana pun dan kapan pun tanpa takut pecah! dengan wangi floral white Floral Ambery yang menjadikan parfum ini mempunyai wangi yang mewah.Luxurious Scent with Affordable Price.Size - 30mlGender - Unisex | WomanTop Notes - Bergamot, Mandarin, Ginger, PearMiddle Notes - Jasmine, Tuberose, Orange Flower, GourmandBase Notes - Amber Dry, Cashmeran, Heliotrope, VanillaSemprotkan Scarlett Whitening Eau De Parfum Dreamy di area titik nadi dan area leher agar wangi tahan lebih lama."
Evangeline Sakura Eau De Parfum 100ml Black,Evangeline Parfum,Dilayani Tokopedia,10rb+ terjual,https://images.tokopedia.net/img/cache/200-square/VqbcmM/2023/12/7/7a7c0132-ee17-4b5a-9f53-50f5722ba7ed.jpg,https://www.tokopedia.com/evangelineparfum/evangeline-sakura-eau-de-parfum-100ml-black?extParam=ivf%3Dtrue%26src%3Dsearch,Sakura SeriesEvangeline kini hadir dalam varian terbaru dengan 6 aroma yang spesial dan diinspirasikan oleh bunga khas Jepang. Apa warnamu hari ini? #EverydayEVANGELINEParfum WanitaModel: BLACK SAKURA / HitamUkuran: 100ml / 3.5 Fl Oz Jenis: Eau De ParfumAyo Koleksi Wangi Lainnya-BLACK SAKURA / Hitam-WHITE SAKURA / Putih-RED SAKURA / Merah-PINK SAKURA / Pink-BLUE SAKURA / Biru-VIOLET SAKURA / Ungu
Parfum Fragrance World Mocha Wood Unisex 100 ML,Rumah Parfum,Jakarta Barat,250+ terjual,https://images.tokopedia.net/img/cache/200-square/VqbcmM/2023/9/13/74975fc6-84c0-413a-84a8-785d2adf4884.jpg,https://www.tokopedia.com/rumahparfumcom/parfum-fragrance-world-mocha-wood-unisex-100-ml?extParam=ivf%3Dfalse%26src%3Dsearch,"Pembelian di toko kami dapat dilengkapi dengan Faktur Pajak. Ketentuan dapat dilihat pada Catatan Toko.Kemiripan Aroma Dengan B******a The Victorious HeroDescription	:	-Top Note   	:	Hazelnut, Coffee, Saffron, Rhubarb and Ylang-YlangMiddle Note	:	Tobacco, Tonka Bean, Rose, Sandalwood and PatchouliBase Note	:	Cypriol Oil or Nagarmotha, Indian Oud, Fir Resin, Guaiac Wood, Rock rose and Siam BenzoinGender	UnisexUkuran	100 MLJenis	EDPKekuatan Aroma	SedangKetahanan Aroma	6 - 10 JamWaktu Pemakaian	Sehari-hariUmur Pemakai	Segala umurKlasifikasi Aroma	Amber WoodyTahun diluncurkan	-"
Mykonos Enchanted Extrait De Parfum 50ML,MYKONOS,Jakarta Timur,250+ terjual,https://images.tokopedia.net/img/cache/200-square/VqbcmM/2023/10/31/010d3139-ec2e-48ba-9b08-638802fc582f.jpg,https://www.tokopedia.com/mykonos/mykonos-enchanted-extrait-de-parfum-50ml?extParam=ivf%3Dfalse%26src%3Dsearch,"Note: Produk kami bergaransi 100%. Bila ada kerusakan atau kebocoran di produk parfum nya, tolong hubungi admin kami by chat untuk kami bantu cari jalan keluar nya. Kalau pembeli memberi rating atau komentar negatif sebelum chat admin kami untuk cari jalan keluar, maka garansi produk tidak lagi berlaku.Mykonos Enchanted Extrait De Parfum 50 ML Top Notes: Mandarin OrangeMiddle Notes: Peony, Rose, Violet, PeachBase Notes: Iris, MuskImmerse yourself in the most magical blend of fresh florals,A scent that transports you into a fairytale...somewhere in the meadows,Where you're surrounded by dewy bouquets of roses & peonies.Sparkling notes of bright citrus compliment this scent beautifullyJust like the feeling of warm sunlight shining on your faceas you lay down on a bed of flowers in the meadows.Yes, this scent is meant to make you feel like a princess,But this time, you're no ordinary princessYou're sophisticated & charming,yet bold & brilliant,You're a princess with a statement,Enchant them with your confidence,Bloom wherever you go.NA18220603947"
SAFF & Co. Extrait de Parfum - LOUI,SAFF & Co,Tangerang,7rb+ terjual,https://images.tokopedia.net/img/cache/200-square/VqbcmM/2023/5/8/277dd4b8-1a82-4c97-87e3-6290a97fc9bb.png,https://www.tokopedia.com/saffnco/saff-co-extrait-de-parfum-loui?extParam=ivf%3Dfalse%26src%3Dsearch,"Refresh your day with our crowd's favourite perfume, whenever you need a quick touch up for a soft and clean impression. Nothing feels as fresh as tropical fruity paradise with a hint of floral fragrance: all in one magical bottle of LOUI.Size         	 | 30mlLongevity	         | 6 hoursSillage		 | StrongGender		 | UnisexCharacter	 | Fresh, Floral, TropicalTop Notes	 | Verbena, Green, AldehydicMiddle Notes 	 | Rose, Peony, Lily of the ValleyBase Notes	 | Cedarwood, MuskPENGIRIMANâ€¢ Free tester dikirim random, tidak bisa request.â€¢ SAFF & Co. dikirim dari Jakarta Barat, pemesanan sebelum jam 3 dikirim di hari yang sama.â€¢ Pengiriman Senin-Jumat, tidak ada pengiriman pada hari Sabtu/Minggu/Hari Libur.KOMPLAIN/RETURâ€¢ Sertakan video unboxing untuk klaim komplain, apabila tidak menyertakan video saat komplain mohon maaf kami tidak dapat memproses komplain tersebut.â€¢ Chat admin terlebih dahulu sebelum memberikan rating bintang apabila ada masalah pada paket yang diterima.â€¢ Batas retur barang 3x24 jam setelah paket diterima.PENGGUNAAN SAFF & Co.â€¢ Semprotkan SAFF & Co. di urat nadi tangan, area leher, belakang telinga & dada.â€¢ Seluruh produk extrait de parfum SAFF & Co. disarankan untuk disemprotkan pada kulit, dikarenakan level konsentrasi yang tinggi menyebabkan cairan parfum kami membutuhkan waktu yang lebih lama untuk dapat terevaporasi secara sempurna dari bahan baju tertentu."
SAFF & Co. Extrait de Parfum - XOCOLATL,SAFF & Co,Tangerang,3rb+ terjual,https://images.tokopedia.net/img/cache/200-square/VqbcmM/2023/11/7/e6299110-6465-40f7-a6cc-aa9911637574.jpg,https://www.tokopedia.com/saffnco/saff-co-extrait-de-parfum-xocolatl?extParam=ivf%3Dfalse%26src%3Dsearch,"A special SAFF & Co. collaboration with the most iconic cartoon series and the most beloved webcomic character â€“ now available in Chocobi-inspired scent. XOCOLATL pays tribute to the first hot chocolate drink in the world â€“ a luscious infusion that has earned a special place in the hearts of humankind for millennia. Gifted by God Quetzalcoatl as the Drink of the Deities, XOCOLATL was believed to be blended with sweet mandarin, creamy heliotrope and a secret aphrodisiac known only to the old gods & the lost civilization.Top Notes	 | Mandarin, Pear, AppleMiddle Notes    | Heliotrope, Plumeria, Maltol, GardeniaDry Down 	 | Coconut, Musk, Sandalwood"
Alchemist Fragrance - Pink Laundry | Eau de Parfum,Alchemist Fragrance,Jakarta Pusat,2rb+ terjual,https://images.tokopedia.net/img/cache/200-square/VqbcmM/2023/11/1/1ac2b035-2db6-4382-9d67-6d2d6ca98854.jpg,https://www.tokopedia.com/alchemistfragrance/alchemist-fragrance-pink-laundry-eau-de-parfum?extParam=ivf%3Dtrue%26src%3Dsearch,"ğ’ğğ¥ğ®ğ«ğ®ğ¡ ğ©ğ«ğ¨ğğ®ğ¤ ğ€ğ¥ğœğ¡ğğ¦ğ¢ğ¬ğ­ ğ…ğ«ğšğ ğ«ğšğ§ğœğ ğ›ğğ«ğ ğšğ«ğšğ§ğ¬ğ¢. ğ“ğğ«ğğšğ©ğšğ­ ğ°ğšğ«ğ«ğšğ§ğ­ğ² ğœğšğ«ğ ğ®ğ§ğ­ğ®ğ¤ ğ¬ğğ­ğ¢ğšğ© ğ©ğğ¦ğ›ğğ¥ğ¢ğšğ§.ğ‰ğ¢ğ¤ğš ğ©ğ«ğ¨ğğ®ğ¤ ğ²ğšğ§ğ  ğ¤ğšğ¦ğ® ğ­ğğ«ğ¢ğ¦ğš ğ›ğğ«ğ¦ğšğ¬ğšğ¥ğšğ¡ (ğ›ğ¨ğœğ¨ğ«, ğ©ğğœğšğ¡, ğ«ğğ­ğšğ¤, ğ­ğğ«ğ¬ğ®ğ¦ğ›ğšğ­, ğšğ­ğšğ® ğ¤ğğ«ğ®ğ¬ğšğ¤ğšğ§ ğ¥ğšğ¢ğ§ğ§ğ²ğš), ğ¬ğ¢ğ¥ğšğ¤ğšğ§ ğ¡ğ®ğ›ğ®ğ§ğ ğ¢ ğšğğ¦ğ¢ğ§ ğ¦ğğ¥ğšğ¥ğ®ğ¢ ğœğ¡ğšğ­ ğğšğ§ ğ¬ğğ«ğ­ğšğ¤ğšğ§ ğ›ğ®ğ¤ğ­ğ¢ ğŸğ¨ğ­ğ¨ ğšğ­ğšğ® ğ¯ğ¢ğğğ¨ ğ©ğ«ğ¨ğğ®ğ¤.ğ†ğšğ«ğšğ§ğ¬ğ¢ ğ¡ğšğ§ğ²ğš ğ›ğğ«ğ¥ğšğ¤ğ® ğ®ğ§ğ­ğ®ğ¤ ğ©ğğ¦ğ›ğğ¥ğ¢ ğ²ğšğ§ğ  ğ›ğğ¥ğ®ğ¦ ğ¦ğğ§ğ²ğğ¥ğğ¬ğšğ¢ğ¤ğšğ§ ğ­ğ«ğšğ§ğ¬ğšğ¤ğ¬ğ¢. ğ†ğšğ«ğšğ§ğ¬ğ¢ ğ©ğ«ğ¨ğğ®ğ¤ ğ­ğ¢ğğšğ¤ ğ¥ğšğ ğ¢ ğ›ğğ«ğ¥ğšğ¤ğ® ğ£ğ¢ğ¤ğš ğ©ğğ¦ğ›ğğ¥ğ¢ ğ­ğğ¥ğšğ¡ ğ¦ğğ¦ğ›ğğ«ğ¢ ğ©ğğ§ğ¢ğ¥ğšğ¢ğšğ§ ğğšğ§ ğ®ğ¥ğšğ¬ğšğ§.-Lembut, anggun dan berkarakter â€“ Pink Laundry akan menyapamu dengan aroma aldehyde yang ringan diikuti dengan perpaduan buket white florals dan mawar. Sentuhan akhir cendana dan patchouli memberikanmu kesan penuh wibawa.Weightless yet carries a lot of character.  After some time, you will be greeted with a blend of airy florals and aldehyde that will remind you of your favorite clean scent that feels luxurious and cozy at the same time.Pink Laundry is heavenly feminine, welcoming, with just a touch of otherworldly charm.Mood:Soft skinDelicateHotel linenNotes:Top: clean aldehydes, chamomile, green notesHeart: jasmine, lily of the valley, roseBase: musky notes, patchouli, sandalwood, powdery notesFragrance performance:Sillage: 4/5Projection: 5/5Longevity: 4/5BPOM: NA18220600671"
SAFF & Co. Extrait de Parfum - OSTARA,SAFF & Co,Tangerang,3rb+ terjual,https://images.tokopedia.net/img/cache/200-square/VqbcmM/2023/5/8/4b34c56f-a177-46d9-bd9d-ee52b1580fe7.png,https://www.tokopedia.com/saffnco/saff-co-extrait-de-parfum-ostara?extParam=ivf%3Dfalse%26src%3Dsearch,"OSTARA, the Celtic Goddess of Spring, represents the coming of spring and  new beginnings. Renderring her divine beauty into this spell-binding elixir of raspberry and passionfruit, OSTARA takes you on a breath-taking journey opened by a vibrant fruity profile with the sharp sweetness of cassis, and concludes with the most irresistible drydown laced with seductive amber and intoxicating patchouli.Size		         | 30mlLongevity	         | 6 hoursSillage		 | StrongGender		 | UnisexCharacter	 | Sweet, Fruity, ChypreTop Notes	 | Raspberry. Passionfruit, PearMiddle Notes    | Cassis Buds, Lily of the ValleyDry Down 	 | Amber, Patchouli, Heliotrope"
Parfum Pria Wanita Tahan Lama Zimaya Rabab Unisex 100 ML,Rumah Parfum,Jakarta Barat,30+ terjual,https://images.tokopedia.net/img/cache/200-square/VqbcmM/2023/9/14/d831b8cd-d2f1-4cfd-abe8-36a870df549e.jpg,https://www.tokopedia.com/rumahparfumcom/parfum-pria-wanita-tahan-lama-zimaya-rabab-unisex-100-ml?extParam=ivf%3Dfalse%26src%3Dsearch,"Pembelian di toko kami dapat dilengkapi dengan Faktur Pajak. Ketentuan dapat dilihat pada Catatan Toko.Gender	UnisexUkuran	100 MLJenis	EDPDescription	:	Top Note	:	Fresh, Bergamot, AmberMiddle Note	:	Rose, Jasmine, Candied FruitBase Note	:	Vetiver, Sandalwood, Cedarwood, VanillaKekuatan Aroma	SedangKetahanan Aroma	6 - 10 JamWaktu Pemakaian	Sehari-hariUmur Pemakai	Segala umurKlasifikasi Aroma	AmberTahun diluncurkan	-"
Alchemist Fragrance - Got My Mojo Back | Eau de Parfum,Alchemist Fragrance,Jakarta Pusat,2rb+ terjual,https://images.tokopedia.net/img/cache/200-square/VqbcmM/2023/11/1/efb8ae30-dde4-4f92-b578-de2e21af69af.jpg,https://www.tokopedia.com/alchemistfragrance/alchemist-fragrance-got-my-mojo-back-eau-de-parfum?extParam=ivf%3Dtrue%26src%3Dsearch,"ğ’ğğ¥ğ®ğ«ğ®ğ¡ ğ©ğ«ğ¨ğğ®ğ¤ ğ€ğ¥ğœğ¡ğğ¦ğ¢ğ¬ğ­ ğ…ğ«ğšğ ğ«ğšğ§ğœğ ğ›ğğ«ğ ğšğ«ğšğ§ğ¬ğ¢. ğ“ğğ«ğğšğ©ğšğ­ ğ°ğšğ«ğ«ğšğ§ğ­ğ² ğœğšğ«ğ ğ®ğ§ğ­ğ®ğ¤ ğ¬ğğ­ğ¢ğšğ© ğ©ğğ¦ğ›ğğ¥ğ¢ğšğ§.ğ‰ğ¢ğ¤ğš ğ©ğ«ğ¨ğğ®ğ¤ ğ²ğšğ§ğ  ğ¤ğšğ¦ğ® ğ­ğğ«ğ¢ğ¦ğš ğ›ğğ«ğ¦ğšğ¬ğšğ¥ğšğ¡ (ğ›ğ¨ğœğ¨ğ«, ğ©ğğœğšğ¡, ğ«ğğ­ğšğ¤, ğ­ğğ«ğ¬ğ®ğ¦ğ›ğšğ­, ğšğ­ğšğ® ğ¤ğğ«ğ®ğ¬ğšğ¤ğšğ§ ğ¥ğšğ¢ğ§ğ§ğ²ğš), ğ¬ğ¢ğ¥ğšğ¤ğšğ§ ğ¡ğ®ğ›ğ®ğ§ğ ğ¢ ğšğğ¦ğ¢ğ§ ğ¦ğğ¥ğšğ¥ğ®ğ¢ ğœğ¡ğšğ­ ğğšğ§ ğ¬ğğ«ğ­ğšğ¤ğšğ§ ğ›ğ®ğ¤ğ­ğ¢ ğŸğ¨ğ­ğ¨ ğšğ­ğšğ® ğ¯ğ¢ğğğ¨ ğ©ğ«ğ¨ğğ®ğ¤.ğ†ğšğ«ğšğ§ğ¬ğ¢ ğ¡ğšğ§ğ²ğš ğ›ğğ«ğ¥ğšğ¤ğ® ğ®ğ§ğ­ğ®ğ¤ ğ©ğğ¦ğ›ğğ¥ğ¢ ğ²ğšğ§ğ  ğ›ğğ¥ğ®ğ¦ ğ¦ğğ§ğ²ğğ¥ğğ¬ğšğ¢ğ¤ğšğ§ ğ­ğ«ğšğ§ğ¬ğšğ¤ğ¬ğ¢. ğ†ğšğ«ğšğ§ğ¬ğ¢ ğ©ğ«ğ¨ğğ®ğ¤ ğ­ğ¢ğğšğ¤ ğ¥ğšğ ğ¢ ğ›ğğ«ğ¥ğšğ¤ğ® ğ£ğ¢ğ¤ğš ğ©ğğ¦ğ›ğğ¥ğ¢ ğ­ğğ¥ğšğ¡ ğ¦ğğ¦ğ›ğğ«ğ¢ ğ©ğğ§ğ¢ğ¥ğšğ¢ğšğ§ ğğšğ§ ğ®ğ¥ğšğ¬ğšğ§.-Elegan dan adiktif â€“ perpaduan sempurna aroma manis, white florals, dan kayu-kayuan. Aroma coklat, blackcurrant dan almond yang akan pertama kali menyapamu hingga sentuhan praline, cendana dan amber sebagai base notes yang misterius dan menawan.Description:An elegant combination of gourmand notes and woodiness, Got My Mojo Back is a magnificent tribute to long nights under the neon lights. The aroma of praline and jasmine make for a euphoric and unforgettable scent. Sit down, treat yourself for a drink and wait for the compliments to roll in.Mood:GourmandLong nightsDazzling in goldNotes:Top: chocolate, blackcurrant, almondHeart: cedarwood, tuberose, sambac, jasmineBase: praline HS, sandalwood, amberFragrance performance:Sillage: 5/5Projection: 5/5Longevity: 5/5BPOM: NA18220600672"
Mykonos Matcha Latte Extrait De Parfum 50 ML,MYKONOS,Jakarta Timur,500+ terjual,https://images.tokopedia.net/img/cache/200-square/VqbcmM/2023/10/31/28c88ee1-1e16-41d2-92a9-ef4b406b511a.jpg,https://www.tokopedia.com/mykonos/mykonos-matcha-latte-extrait-de-parfum-50-ml-extrait-50-ml?extParam=ivf%3Dfalse%26src%3Dsearch,"Note: Produk kami bergaransi 100%. Bila ada kerusakan atau kebocoran di produk parfum nya, tolong hubungi admin kami by chat untuk kami bantu cari jalan keluar nya. Kalau pembeli memberi rating atau komentar negatif sebelum chat admin kami untuk cari jalan keluar, maka garansi produk tidak lagi berlaku. Matcha Latte is a calming blend of Matcha & White Chocolate with a twist of florals & some mint. This intoxicating blend smells great all day long and gives off a zen & relaxed vibe.it's the perfect scent for a lazy sunday at home, very cozy and comfy.it's like drinking hot matcha while enjoying a creamy bar of white chocolate and enjoying the serene nature around you. Main notes: Matcha, White Chocolate, Jasmine, Tonka Bean, Vanilla & Milk PowderPersonality Traits: Calm, Creamy, learned, intelligent, soft spoken.  NA18220603949"
Alchemist Fragrance - Home Garden | Eau de Parfum,Alchemist Fragrance,Jakarta Pusat,1rb+ terjual,https://images.tokopedia.net/img/cache/200-square/VqbcmM/2023/11/2/f561f889-c64a-4dbd-924b-73ef01efe50c.jpg,https://www.tokopedia.com/alchemistfragrance/alchemist-fragrance-home-garden-eau-de-parfum?extParam=ivf%3Dtrue%26src%3Dsearch,"ğ’ğğ¥ğ®ğ«ğ®ğ¡ ğ©ğ«ğ¨ğğ®ğ¤ ğ€ğ¥ğœğ¡ğğ¦ğ¢ğ¬ğ­ ğ…ğ«ğšğ ğ«ğšğ§ğœğ ğ›ğğ«ğ ğšğ«ğšğ§ğ¬ğ¢. ğ“ğğ«ğğšğ©ğšğ­ ğ°ğšğ«ğ«ğšğ§ğ­ğ² ğœğšğ«ğ ğ®ğ§ğ­ğ®ğ¤ ğ¬ğğ­ğ¢ğšğ© ğ©ğğ¦ğ›ğğ¥ğ¢ğšğ§.ğ‰ğ¢ğ¤ğš ğ©ğ«ğ¨ğğ®ğ¤ ğ²ğšğ§ğ  ğ¤ğšğ¦ğ® ğ­ğğ«ğ¢ğ¦ğš ğ›ğğ«ğ¦ğšğ¬ğšğ¥ğšğ¡ (ğ›ğ¨ğœğ¨ğ«, ğ©ğğœğšğ¡, ğ«ğğ­ğšğ¤, ğ­ğğ«ğ¬ğ®ğ¦ğ›ğšğ­, ğšğ­ğšğ® ğ¤ğğ«ğ®ğ¬ğšğ¤ğšğ§ ğ¥ğšğ¢ğ§ğ§ğ²ğš), ğ¬ğ¢ğ¥ğšğ¤ğšğ§ ğ¡ğ®ğ›ğ®ğ§ğ ğ¢ ğšğğ¦ğ¢ğ§ ğ¦ğğ¥ğšğ¥ğ®ğ¢ ğœğ¡ğšğ­ ğğšğ§ ğ¬ğğ«ğ­ğšğ¤ğšğ§ ğ›ğ®ğ¤ğ­ğ¢ ğŸğ¨ğ­ğ¨ ğšğ­ğšğ® ğ¯ğ¢ğğğ¨ ğ©ğ«ğ¨ğğ®ğ¤.ğ†ğšğ«ğšğ§ğ¬ğ¢ ğ¡ğšğ§ğ²ğš ğ›ğğ«ğ¥ğšğ¤ğ® ğ®ğ§ğ­ğ®ğ¤ ğ©ğğ¦ğ›ğğ¥ğ¢ ğ²ğšğ§ğ  ğ›ğğ¥ğ®ğ¦ ğ¦ğğ§ğ²ğğ¥ğğ¬ğšğ¢ğ¤ğšğ§ ğ­ğ«ğšğ§ğ¬ğšğ¤ğ¬ğ¢. ğ†ğšğ«ğšğ§ğ¬ğ¢ ğ©ğ«ğ¨ğğ®ğ¤ ğ­ğ¢ğğšğ¤ ğ¥ğšğ ğ¢ ğ›ğğ«ğ¥ğšğ¤ğ® ğ£ğ¢ğ¤ğš ğ©ğğ¦ğ›ğğ¥ğ¢ ğ­ğğ¥ğšğ¡ ğ¦ğğ¦ğ›ğğ«ğ¢ ğ©ğğ§ğ¢ğ¥ğšğ¢ğšğ§ ğğšğ§ ğ®ğ¥ğšğ¬ğšğ§.-Sebuah manifestasi musim panas â€“ aroma buah-buahan yang segar dengan sentuhan rempah, diawali dengan manis ringan dari blackberry dan jeruk bali diikuti dengan cedar dan vetiver membuat Home Garden wewangian yang mengingatkanmu dengan taman rumah yang asri.Description:Summer elegance in a bottle. This is the fruity perfume that has grown to be playful yet refined at the same time. Blackberry, grapefruit, and cedar blend to create a fruit-forward scent that delights you like a ray of sunshine. Home Garden is not just a place; itâ€™s a state of mind.Mood:FruityFlower child personaNotes:Top: blackberry, grapefruit, cloveHeart: cedar, vetiverBase: floral notesFragrance performance:Sillage: 4/5Projection: 5/5Longevity: 5/5BPOM: NA18220600673"
Mykonos Baby Love Parfum EDP 50 ML,MYKONOS,Jakarta Timur,1rb+ terjual,https://images.tokopedia.net/img/cache/200-square/VqbcmM/2021/5/23/ce524585-8dab-4685-9f3b-7d9e10ad3674.jpg,https://www.tokopedia.com/mykonos/mykonos-baby-love-parfum-edp-50-ml?extParam=ivf%3Dfalse%26src%3Dsearch,"Note: Produk kami bergaransi 100%. Bila ada kerusakan atau kebocoran di produk parfum nya, tolong hubungi admin kami by chat untuk kami bantu cari jalan keluar nya. Kalau pembeli memberi rating atau komentar negatif sebelum chat admin kami untuk cari jalan keluar, maka garansi produk tidak lagi berlaku. Parfum Mykonos Baby Love EDP 50 ML: A blast from the past! Baby love is a nostalgic reminder of the good old days. The gentle notes of violet and musk bring to mind a soft baby cologne. The tender nature of this masterpiece make it perfect for use anywhere and anytime, even at home!Wangi bayi yang sangat lembut dan menenangkan...Top Notes- Violet, Musk, RoseMiddle Notes- Violet, Rose, VanillaBase Notes - Violet, MuskConstant notes- Gentle baby cologneBPOM: NA18210600379"
Evangeline Selection Eau De Parfum 100ml Black Vanilla,Evangeline Parfum,Dilayani Tokopedia,10rb+ terjual,https://images.tokopedia.net/img/cache/200-square/VqbcmM/2023/12/7/d08a829e-4bd9-43c8-b80d-859f88c9a2ac.jpg,https://www.tokopedia.com/evangelineparfum/evangeline-selection-eau-de-parfum-100ml-black-vanilla?extParam=ivf%3Dtrue%26src%3Dsearch,"Selection SeriesBe who you want to be, dengan 12 varian parfum yang unik, Evangeline tahu apa yang kamu butuhkan! #EverydayEvangelineBlack VanillaUntuk kamu yang ingin tampil beda , Evangeline Black Vanilla ada nih buat kamu, dengan aroma nya yang mild-and-sweet, pastinya membuat kamu semakin manis lagi! #EverydayEvangelineTop Notes: Vanilla, Coconut, CitrusMiddle Notes: Vanilla, Peach, FloralBase Notes: Vanilla, AmberyUkuran: 100mlJenis: Eau De Parfum"
Parfum Fragrance World Tuscany Leather Unisex 80 ML,Rumah Parfum,Jakarta Barat,100+ terjual,https://images.tokopedia.net/img/cache/200-square/VqbcmM/2023/9/15/e0bf9f3d-df0b-4a07-8f47-ae898841df85.jpg,https://www.tokopedia.com/rumahparfumcom/parfum-fragrance-world-tuscany-leather-unisex-80-ml?extParam=ivf%3Dfalse%26src%3Dsearch,"Pembelian di toko kami dapat dilengkapi dengan Faktur Pajak. Ketentuan dapat dilihat pada Catatan Toko.Kemiripan Aroma Dengan T*m f**d Tuscan Leather Description	:	-Top Note	:	Raspberry, Saffron and ThymeMiddle Note	:	Olibanum and JasmineBase Note	:	Leather, Suede, Woody Notes and AmberGender	UnisexUkuran	80 MLJenis	EDPKekuatan Aroma	SedangKetahanan Aroma	6 - 10 JamWaktu Pemakaian	Sehari-hariUmur Pemakai	Segala umurKlasifikasi Aroma	LeatherTahun diluncurkan	-"
Project 1945 Exploration Kit | EDP Parfum Unisex 5ml x3 Varian,Project 1945,Jakarta Utara,4rb+ terjual,https://images.tokopedia.net/img/cache/200-square/VqbcmM/2022/8/2/52f0d706-4000-4b69-b450-9ea1e327a60a.png,https://www.tokopedia.com/project1945/project-1945-exploration-kit-edp-parfum-unisex-5ml-x3-varian?extParam=ivf%3Dfalse%26src%3Dsearch,"Dapatkan Koleksi Pertama Project 1945!Yuk bergabung bersama mengeksplorasi wangi-wangi perdana Project 1945 yang menggambarkan interpretasi-interpretasi pertama kami tentang Indonesia.Cocok untuk kamu yang ingin mencoba dulu semua wangi rilisan kami dan juga untuk kamu yang bingung mencari hadiah kece untuk sahabat dan keluarga kamu.Apa sih yang bakal kamu dapetin?1x 5ml â€œTHE GREAT BATAVIAâ€ EDP1x 5ml â€œBAMBOE ROENCINGâ€ EDP1x 5ml â€œSUNSET IN SUMBAâ€ EDPFREE VOUCHER Rp45.000** untuk pembelian botol 100ml berikutnya **Voucher klaim hanya berlaku 60 Hari setelah pesanan. THE GREAT BATAVIA ğŸ™ï¸Scent #1 kami masuk dalam kategori 'Aromatic' & 'Fruity'.Wangi ini menyegarkan, â€˜timelessâ€™ (abadi) dan â€˜classyâ€™ untuk kamu yang romantis.SUNSET IN SUMBA ğŸŒ„Untuk Scent #2 kami masuk dalam keluarga wangi yang 'Woody' & 'Spicy'.Wangi ini akan mencerahkan harimu yang selalu optimis menempuh petualangan-petualangan hidup.BAMBOE ROENCINGğŸTerakhir, untuk Scent #3 kami berarah ke wangi 'Floral & 'Aquatic' yang lembut.Wangi yang â€˜upliftingâ€™ untuk kamu yang punya semangat tinggi dan 'high hopes' untuk masa depan.---------------------------------PENGIRIMAN ğŸšš*Pengiriman setiap hari kecuali Sabtu, Minggu, dan tanggal merah.*Dikirim hari yang sama jika- Konfirmasi pembayaran dilakukan sebelum jam 3 sore (Senin-Jumat)Lebih dari itu akan ikut pengiriman di hari kerja berikutnya.*Pengiriman dilakukan dari Jakarta, dan durasi pengiriman disesuaikan dengan kebijakan jarak dan ketepatan waktu masing-masing jasa antar.*Apabila ada kendala silahkan langsung menghubungi Tim Project 1945, dan kami siap membantu."
Parfum Fragrance World La Uno Million Le Parfum Unisex 100 ML,Rumah Parfum,Jakarta Barat,70+ terjual,https://images.tokopedia.net/img/cache/200-square/VqbcmM/2023/10/25/5e68ce3e-9fff-40a6-8c81-704a71fa3204.jpg,https://www.tokopedia.com/rumahparfumcom/parfum-fragrance-world-la-uno-million-le-parfum-unisex-100-ml?extParam=ivf%3Dfalse%26src%3Dsearch,"Pembelian di toko kami dapat dilengkapi dengan Faktur Pajak. Ketentuan dapat dilihat pada Catatan Toko.Kemiripan Aroma Dengan P**o R*****e One Million ManDescription	:	-Top Note   	:	Blood Mandarin, Grapefruit and MintMiddle Note	:	Cinnamon, Spicy Notes and RoseBase Note	:	Amber, Leather, Woody Notes and Indian PatchouliGender	UnisexUkuran	100 MLJenis	EDPKekuatan Aroma	SedangKetahanan Aroma	6 - 10 JamWaktu Pemakaian	Sehari-hariUmur Pemakai	Segala umurKlasifikasi Aroma	OrientalTahun diluncurkan	-"
Parfum Fragrance World Neroli Riviera EDP 80ml for Unisex,ETC,Jakarta Barat,30+ terjual,https://images.tokopedia.net/img/cache/200-square/VqbcmM/2023/10/8/3af7da27-c605-47f2-a37d-e7093170655a.jpg,https://www.tokopedia.com/etcstore/parfum-fragrance-world-neroli-riviera-edp-80ml-for-unisex?extParam=ivf%3Dfalse%26src%3Dsearch,"Link Try Me : https://tokopedia.com/etcstore/decant-parfum-fragrance-world-neroli-riviera-edp-for-unisexParfum ini mengingatkan akan TF Neroli PortofinoFragrance World Neroli Riviera adalah parfum pria dan wanita dengan aroma Neroli, Mandarin Orange, Lemon, Jasmine, Bitter Orange, Sea Salt, Orange Blossom , Lavender, Herbal Notes, Amber and Wormwood.Namun, penting untuk diingat bahwa pengalaman aroma parfum dapat bervariasi antara individu karena interaksi dengan pH kulit dan kepekaan aroma pribadi.Disclaimers:Berdasarkan peraturan HAK KEKAYAAN INTELEKTUAL (HAKI) yang berlaku, maka untuk informasi produk yang lebih detail anda dapat membaca artikel atau menonton review secara mandiri."
Parfum Pria Wanita Tahan Lama Zimaya Rabab Gems Unisex 100 ML,Rumah Parfum,Jakarta Barat,23 terjual,https://images.tokopedia.net/img/cache/200-square/VqbcmM/2023/9/14/996f2132-a2f5-417a-bb77-c58b1b74a6df.jpg,https://www.tokopedia.com/rumahparfumcom/parfum-pria-wanita-tahan-lama-zimaya-rabab-gems-unisex-100-ml?extParam=ivf%3Dfalse%26src%3Dsearch,"Pembelian di toko kami dapat dilengkapi dengan Faktur Pajak. Ketentuan dapat dilihat pada Catatan Toko.Gender	UnisexUkuran	100 MLJenis	EDPDescription	:	Top Note	:	Pineapple, Hyacinth, Pink PepperMiddle Note	:	Iris, Jasmine, MuskBase Note	:	Vanilla, Patchouli, AmbroxanKekuatan Aroma	SedangKetahanan Aroma	6 - 10 JamWaktu Pemakaian	Sehari-hariUmur Pemakai	Segala umurKlasifikasi Aroma	Chypre FloralTahun diluncurkan	-"
Parfum Unke Naru â€“ For You 100 ml EDP unisex pria dan wanita,Unke Naru,Jakarta Selatan,750+ terjual,https://images.tokopedia.net/img/cache/200-square/VqbcmM/2023/3/10/9bdd9257-2e4e-4421-a8ef-2e0a24b90b6d.jpg,https://www.tokopedia.com/unkenaru/parfum-unke-naru-for-you-100-ml-edp-unisex-pria-dan-wanita?extParam=ivf%3Dfalse%26src%3Dsearch,"ğ’ğ˜ğ€ğ‘ğ€ğ“ ğƒğ€ğ ğŠğ„ğ“ğ„ğğ“ğ”ğ€ğPenting! Mohon sertakan video unboxing jika terdapat keluhan terkait pesanan. Tanpa adanya video, akan sulit bagi kami untuk dapat memproses keluhan.Perlu diperhatikan bahwa membeli berarti setuju terhadap syarat dan ketentuan yang berlaku. Segala bentuk keluhan dapat kami layani jika kamu belum menyelesaikan transaksi dan memberikan ulasan._________________________________________________________________________________ğ…ğğ‘ ğ˜ğğ”For You is a duality, of a late-night embrace and the morning after. Deep and refreshing, it enlivens like a morning kiss. Yet when the sun sets, its intensity engulfs your senses in its depth.ğğğ“ğ„ğ’Top: Fig, Pear, Milkyâ€¨Heart: Coconut Tree Leaves, Clover, Water JasmineBase: Amberwood, Orcanox, White Muskğğ€ğŸğŸ–ğŸğŸğŸğŸ”ğŸğŸ’ğŸğŸ–ğŸğ‚ğšğ«ğ¢ ğ­ğšğ¡ğ® ğ¥ğğ›ğ¢ğ¡ ğ¥ğšğ§ğ£ğ®ğ­ ğ©ğšğğš ğ¢ğ§ğ¬ğ­ğšğ ğ«ğšğ¦ @ğ®ğ§ğ¤ğğ§ğšğ«ğ®_________________________________________________________________________________"
Decant Parfum Lattafa Ana Abiyedh I Am White EDP Unisex,ETC,Jakarta Barat,100+ terjual,https://images.tokopedia.net/img/cache/200-square/VqbcmM/2023/9/7/b947f02d-f704-4899-b0b0-89c07b183769.png,https://www.tokopedia.com/etcstore/decant-parfum-lattafa-ana-abiyedh-i-am-white-edp-unisex-try-me-5ml-98def?extParam=ivf%3Dfalse%26src%3Dsearch,"Parfum ini mengingatkan akan Xerjoff Erba PuraLattafa Ana Abiyedh I am White adalah parfum pria wanita yang bernuansa Vanilla Powdery yang memiliki campuran aroma-aroma seperti Bergamot, Orange, Vanilla, Pear, Musk dan Amber.Aroma: Vanilla Musky SpicyPerfume rating 3.92 out of 5 with 654 votesNamun, penting untuk diingat bahwa pengalaman aroma parfum dapat bervariasi antara individu karena interaksi dengan pH kulit dan kepekaan aroma pribadi.Disclaimers:Berdasarkan peraturan HAK KEKAYAAN INTELEKTUAL (HAKI) yang berlaku, maka untuk informasi produk yang lebih detail anda dapat mencarinya di internet."
Decant Parfum Replica Music Festival EDT for Unisex,ETC,Jakarta Barat,60+ terjual,https://images.tokopedia.net/img/cache/200-square/VqbcmM/2023/10/1/38ae06ec-bd38-4bba-a988-20df5896fd5c.png,https://www.tokopedia.com/etcstore/decant-parfum-replica-music-festival-edt-for-unisex-try-me-1ml-21867?extParam=ivf%3Dfalse%26src%3Dsearch,"Music Festival adalah parfum Pria Wanita yang bernuansa Woody Chypre. Aroma ini terdiri dari cannabis, Red Apple, Violet Leaf, Patchouli, T0bacc0, Incense, Leather, Cypress and Cedar.Aroma: Woody Smoky PatchouliPerfume rating 3.76 out of 5 with 1,009 votesNamun, penting untuk diingat bahwa pengalaman aroma parfum dapat bervariasi antara individu karena interaksi dengan pH kulit dan kepekaan aroma pribadi.Disclaimers:Berdasarkan peraturan HAK KEKAYAAN INTELEKTUAL (HAKI) yang berlaku, maka untuk informasi produk yang lebih detail anda dapat membaca artikel atau menonton review secara mandiri."
Rhenza Botol Parfum Travel Atomizer 10 ML,Rumah Parfum,Jakarta Barat,250+ terjual,https://images.tokopedia.net/img/cache/200-square/VqbcmM/2021/7/29/89f949ea-f21c-4c93-9bd1-dbb6a6c7bd23.jpg,https://www.tokopedia.com/rumahparfumcom/rhenza-botol-parfum-travel-atomizer-10-ml?extParam=ivf%3Dfalse%26src%3Dsearch,Pembelian di toko kami dapat dilengkapi dengan Faktur Pajak. Ketentuan dapat dilihat pada Catatan Toko.Gender	UnisexUkuran	10 MLJenis	Botol Parfum Travel AtomizerTidak ada isi parfum (hanya botol atomizer saja)
SAFF & Co. Extrait de Parfum - TROUPE,SAFF & Co,Tangerang,4rb+ terjual,https://images.tokopedia.net/img/cache/200-square/VqbcmM/2023/5/8/0a092ef4-0932-41ee-8083-35e310bb99fe.png,https://www.tokopedia.com/saffnco/saff-co-extrait-de-parfum-troupe?extParam=ivf%3Dfalse%26src%3Dsearch,"TROUPE portrays a slow living era, where rustic cottages and rolling hills evoke the nostalgic panorama of the 1800s. Catch a whiff of nostalgia as you dance in the shade of a pear tree, infusing the air with ripe serenity.TROUPE - Sweet, Rose, Fruity (Unisex - Women)Top Notes	 | Mandarin Orange, PearMiddle Notes    | Rose, Neroli, FreesiaBase Notes	 | Patchouli, Musk, Amber"
Parfum Fragrance World Barakkat Satin Oud Unisex 100 ML,Rumah Parfum,Jakarta Barat,250+ terjual,https://images.tokopedia.net/img/cache/200-square/VqbcmM/2023/9/7/75444609-6028-4fc0-8f8d-e76c3673c24a.jpg,https://www.tokopedia.com/rumahparfumcom/parfum-fragrance-world-barakkat-satin-oud-unisex-100-ml?extParam=ivf%3Dfalse%26src%3Dsearch,"Pembelian di toko kami dapat dilengkapi dengan Faktur Pajak. Ketentuan dapat dilihat pada Catatan Toko.Kemiripan Aroma Dengan B******t Oud SatinDescription	:	-Top Note	:	VioletMiddle Note	:	Bulgarian Rose, Turkish RoseBase Note	:	Vanilla, Agarwood (Oud), BenzionGender	UnisexUkuran	100 MLJenis	EDPKekuatan Aroma	SedangKetahanan Aroma	6 - 10 JamWaktu Pemakaian	Sehari-hariUmur Pemakai	Segala umurKlasifikasi Aroma	Woody FloralTahun diluncurkan	-"
SAFF & Co. Extrait de Parfum - CASCAVEL,SAFF & Co,Tangerang,3rb+ terjual,https://images.tokopedia.net/img/cache/200-square/VqbcmM/2023/6/13/dd1eb305-f9be-48cb-8b3e-ebaaece0807d.png,https://www.tokopedia.com/saffnco/saff-co-extrait-de-parfum-cascavel?extParam=cmp%3D1%26ivf%3Dfalse%26src%3Dsearch,"A warm-spiced elixir that seduces the mind with its aromatic, sweet-smelling fantasy. Cascavel captures the essence of elegance from dusk to dawn - a multi-layered that lingers in memories and unravels in all its excotic glory.540 to Cascavel - What Changed?Cascavel translates the modern-day, day-to-night elegance into a luxurious, warm-spicedfloral infusion. We introduced stronger saffron notes in the opening to bring exotic warmth andspice into the fragrance. To balance the rich depth of saffron, we added a delicate blend ofsweetness with violet and lily of the valley â€“ a truly dreamy scent made for all genders alike.Character 	| Woody, Warm Spicy, AromaticTop Notes 	| Saffron, Orange BlossomMiddle Notes 	| Jasmine, Violet, Lily of the ValleyBase Notes 	| Oakmoss, Ambergris"
Parfum Fragrance World Tour De Havana 24H Unisex 100 ML,Rumah Parfum,Jakarta Barat,250+ terjual,https://images.tokopedia.net/img/cache/200-square/VqbcmM/2023/9/15/b5b5b43c-b139-4191-b527-babb116d2d1c.jpg,https://www.tokopedia.com/rumahparfumcom/parfum-fragrance-world-tour-de-havana-24h-unisex-100-ml?extParam=ivf%3Dfalse%26src%3Dsearch,"Pembelian di toko kami dapat dilengkapi dengan Faktur Pajak. Ketentuan dapat dilihat pada Catatan Toko.Kemiripan Aroma Dengan  H*****s H24 EDP ManDescription	:	-Fragrance Notes	:	Clary Sage, Metallic Notes, Narcissus, Palisander RosewoodGender	UnisexUkuran	100 MLJenis	EDPKekuatan Aroma	SedangKetahanan Aroma	6 - 10 JamWaktu Pemakaian	Sehari-hariUmur Pemakai	Segala umurKlasifikasi Aroma	Aromatic GreenTahun diluncurkan	-"
Parfum Afnan Zimaya Musk Is Great Extrait de Parfum 100ml for unisex,ETC,Jakarta Barat,60+ terjual,https://images.tokopedia.net/img/cache/200-square/VqbcmM/2023/9/14/b65b7a09-ef48-4f49-9e99-8dbbd5b53c8a.png,https://www.tokopedia.com/etcstore/parfum-afnan-zimaya-musk-is-great-extrait-de-parfum-100ml-for-unisex?extParam=ivf%3Dfalse%26src%3Dsearch,"Musk Is Great adalah parfum Pria Wanita yang beraroma Bergamot, Mandarin Orange, Black Currant, Magnolia, Musk, White, Musk, Sandal, wood.Namun, penting untuk diingat bahwa pengalaman aroma parfum dapat bervariasi antara individu karena interaksi dengan pH kulit dan kepekaan aroma pribadi.Disclaimers:Berdasarkan peraturan HAK KEKAYAAN INTELEKTUAL (HAKI) yang berlaku, maka untuk informasi produk yang lebih detail anda dapat membaca artikel atau menonton review secara mandiri."
Decant Parfum Fragrance World Neroli Riviera EDP for Unisex,ETC,Jakarta Barat,100+ terjual,https://images.tokopedia.net/img/cache/200-square/VqbcmM/2023/9/19/03455fde-6eaf-4624-b49a-b81a46d89941.png,https://www.tokopedia.com/etcstore/decant-parfum-fragrance-world-neroli-riviera-edp-for-unisex-try-me-5ml-3892f?extParam=ivf%3Dfalse%26src%3Dsearch,"Dupe of TF Neroli PortofinoFragrance World Neroli Riviera adalahparfum pria dan wanita dengan aroma Neroli, Mandarin Orange, Lemon, Jasmine, Bitter Orange, Sea Salt, Orange Blossom , Lavender, Herbal Notes, Amber and Wormwood.Namun, penting untuk diingat bahwa pengalaman aroma parfum dapat bervariasi antara individu karena interaksi dengan pH kulit dan kepekaan aroma pribadi.Disclaimers:Berdasarkan peraturan HAK KEKAYAAN INTELEKTUAL (HAKI) yang berlaku, maka untuk informasi produk yang lebih detail anda dapat membaca artikel atau menonton review secara mandiri."
Sansoe - Eau de parfum - Discovery Set Vol.2,Sansoe Fragrances,Jakarta Selatan,500+ terjual,https://images.tokopedia.net/img/cache/200-square/VqbcmM/2023/2/24/f7ef0296-54cc-4b03-a917-02f48caa4b98.jpg,https://www.tokopedia.com/sansoe/sansoe-eau-de-parfum-discovery-set-vol-2?extParam=ivf%3Dfalse%26src%3Dsearch,"Discover a new world of scents with Sansoe Discovery Set3 x 5ml Eau de parfumFLOSMain notes : white flower, safron, pink pepper, amber, muskSOMMARMain notes : green tea, cedarwood, geranium,  vetiver, muskORTIZMain notes : cedarwood, oud, bergamot, peony, cardamomP.SOur delivery hours are Monday to Friday 09.00 AM until 05.00 PMOrder on Weekend and holiday will be send in nearest Work days"
Alchemist Fragrance - Discovery Set of 4 Elixirs | Eau de Parfum,Alchemist Fragrance,Jakarta Pusat,750+ terjual,https://images.tokopedia.net/img/cache/200-square/hDjmkQ/2023/5/5/5d6299d8-380e-4c57-bb8f-86feef6e281b.jpg,https://www.tokopedia.com/alchemistfragrance/alchemist-fragrance-discovery-set-of-4-elixirs-eau-de-parfum?extParam=ivf%3Dfalse%26src%3Dsearch,Explore the scents of our Elixirs. A complete set of Alchemist eau de parfum in 2 ml vials.[01] Powder Room		â€“ 	2 ml[02] Pink Laundry		â€“ 	2 ml[03] Got My Mojo Back	â€“ 	2 ml[04] Home Garden		â€“ 	2 mlBPOM: NKIT220000387
Scarlett Whitening Eau De Parfum Sweet Memories 30ml,Scarlett Whitening Official Shop,Jakarta Utara,750+ terjual,https://images.tokopedia.net/img/cache/200-square/VqbcmM/2023/11/29/60ae2e03-af51-420e-82ed-6406c37efd5e.png,https://www.tokopedia.com/scarlettwhite/scarlett-whitening-eau-de-parfum-sweet-memories-30ml?extParam=ivf%3Dfalse%26src%3Dsearch,"Scarlett Whitening Eau De Parfum Sweet Memories 30mlScarlett Whitening Eau De Parfum Sweet Memories Untuk berikan kesegaran dan keharuman mewah dalam setiap semprotan dengan kemasan yang Ready To Go cocok untuk temani harimu, mudah dibawa kemana pun dan kapan pun tanpa takut pecah! dengan wangi Amber Fougere yang menjadikan parfum ini mempunyai wangi yang mewah.Luxurious Scent with Affordable Price.Size - 30mlGender - Unisex | WomanTop Notes - Egyptian Balsam, Grapefruit, Damask RoseMiddle Notes - Vanilla, Honeysuckle, Jasmine, PeachBase Notes - Musky, Cashmeran, AmberSemprotkan Scarlett Whitening Eau De Parfum Sweet Memories di area titik nadi dan area leher agar wangi tahan lebih lama."
Parfum Pria Wanita Tahan Lama Zimaya Amber Is Great Unisex 100 ML,Rumah Parfum,Jakarta Barat,30+ terjual,https://images.tokopedia.net/img/cache/200-square/VqbcmM/2023/9/14/bc11e851-7f9a-4359-82e1-ce6e55c7fcde.jpg,https://www.tokopedia.com/rumahparfumcom/parfum-pria-wanita-tahan-lama-zimaya-amber-is-great-unisex-100-ml?extParam=ivf%3Dfalse%26src%3Dsearch,"Pembelian di toko kami dapat dilengkapi dengan Faktur Pajak. Ketentuan dapat dilihat pada Catatan Toko.Gender	UnisexUkuran	100 MLJenis	Extrait de ParfumDescription	:	-Top Note	:	Amber, Sweet, FrutyMiddle Note	:	Fresh, Fruity, OzonicBase Note	:	Vanilla, Musky, PatchouliKekuatan Aroma	KuatKetahanan Aroma	11 - 15 JamWaktu Pemakaian	Sehari-hariUmur Pemakai	Segala umurKlasifikasi Aroma	Amber VanillaTahun diluncurkan	-"
Parfum Lazy Sunday Morning EDT 100ml For Unisex,ETC,Jakarta Barat,40+ terjual,https://images.tokopedia.net/img/cache/200-square/VqbcmM/2023/6/3/5b3df117-56cb-476a-8f51-7449de940687.png,https://www.tokopedia.com/etcstore/parfum-lazy-sunday-morning-edt-100ml-for-unisex?extParam=ivf%3Dfalse%26src%3Dsearch,"Link Try Me:https://www.tokopedia.com/etcstore/lazy-sunday-morning-edt-for-unisexLazy Sunday Morning adalah parfum wanita yang memiliki aroma yang segar, lembut, dan memikat. Salah satu aroma utama adalah aroma bunga mawar yang lembut dan feminin. Aroma mawar memberikan kehangatan dan sentuhan romantis pada parfum ini. Selain itu, terdapat juga sentuhan bunga-bungaan lainnya seperti akasia putih dan lily of the valley (lili konval). Aroma akasia putih memberikan kesan yang segar dan ringan, sementara lily of the valley memberikan nuansa floral yang menyegarkan.Aroma: Floral Woody MuskPerfume rating 3.76 out of 5 with 3,374 votesNamun, penting untuk diingat bahwa pengalaman aroma parfum dapat bervariasi antara individu karena interaksi dengan pH kulit dan kepekaan aroma pribadi.Disclaimers:Berdasarkan peraturan HAK KEKAYAAN INTELEKTUAL (HAKI) yang berlaku, maka untuk informasi produk yang lebih detail anda dapat mencarinya di internet."
Sansoe - Eau de Parfum - Discovery Set,Sansoe Fragrances,Jakarta Selatan,1rb+ terjual,https://images.tokopedia.net/img/cache/200-square/VqbcmM/2023/2/24/e9f49390-628b-447f-822c-c2a614e81441.jpg,https://www.tokopedia.com/sansoe/sansoe-eau-de-parfum-discovery-set?extParam=ivf%3Dfalse%26src%3Dsearch,"Discover a new world of scents with Sansoe Discovery Set3 x 5ml Eau de parfumLignum: Wood, musk, ambergris, pearCedrus: Ambrette, magnolia, cedarwood, ambergrisRosyn: Rose, oud, cloveAll Sansoe products are BPOM registered"
Decant Parfum Diptyque Orpheon EDP for Unisex,ETC,Jakarta Barat,80+ terjual,https://images.tokopedia.net/img/cache/200-square/VqbcmM/2023/9/4/82fc1b52-266a-4aab-869e-669c047d5d0f.png,https://www.tokopedia.com/etcstore/decant-parfum-diptyque-orpheon-edp-for-unisex-try-me-3ml-30ddc?extParam=ivf%3Dfalse%26src%3Dsearch,"Diptyque Orpheon adalah parfum pria dan wanita dengan nuansa powdery woody. Parfum ini terdiri dari Juniper Berries; Jasmine; Powdery Notes, Cedar, Tonka Bean.Namun, penting untuk diingat bahwa pengalaman aroma parfum dapat bervariasi antara individu karena interaksi dengan pH kulit dan kepekaan aroma pribadi.Disclaimers:Berdasarkan peraturan HAK KEKAYAAN INTELEKTUAL (HAKI) yang berlaku, maka untuk informasi produk yang lebih detail anda dapat mencarinya di internet."
ALT Perfume | Single Pack | Tester Vial | 5ml | Eau De Parfum Decant,Alt Perfume,Tangerang Selatan,2rb+ terjual,https://images.tokopedia.net/img/cache/200-square/VqbcmM/2023/1/27/f5eac98d-71a0-4e0e-90ff-5de30e43316c.jpg,https://www.tokopedia.com/altperfume/alt-perfume-single-pack-tester-vial-5ml-eau-de-parfum-decant-tahiti-edp?extParam=ivf%3Dfalse%26src%3Dsearch,"Mini Pack - Tester Vial - Eau de Parfum by Alt PerfumeryUntuk kamu yang mau cobain Alt Perfumery variants tapi belum mau blind buy, sekarang bisa Tester online FREE! Dengan harga IDR 35 ribu kamu bisa langsung dapat voucher next purchase senilai IDR 35,000 juga, jadi kamu bisa langsung incar perfume favorite kamu dan langsung cobain deh!â€¢Size : 5ml (per botol)â€¢ Category : Luxury EDPâ€¢ Longevity : Up to 8 hours**Varian Alt Mini Pack: 000 Series:âœ¹ BARON :Cardamom, Lavender, Lemon, Whisky, leather, Coffee, Cinnamon, Tonka Beans, Amber Incenseâœ¹ UPTOWN :Strawberry, Black currant, Red Apple, Citrus, Sweat pea, fressia, jasmine, roseâœ¹ FOXY : Passion fruit, Grapefruit, Pineapple, Peony, Red berry, vanilla orchid, jasmine, Musk, woody, oakmossSun Series:Moroccan Sunsetâ€¢ Top Notes : Neroli, bergamot, red fruitsâ€¢ Middle Notes : orange blossom, jasmine, cinnamon, resinâ€¢ Base Notes : Vanilla, caramel, musk, cedarwoodâ€¢ Usage time : Night and formalTahiti Sunriseâ€¢ Top Notes : Coconut, Fruity Notesâ€¢ Middle Notes : Sea Salt, Solar Notesâ€¢ Base Notes : Vanilla, Musk, Amberâ€¢ Usage time : Day & Night / Casual and Formal WearReverieâ€¢ Top Notes : Tuberose, Fruity Notesâ€¢ Middle Notes : Davana, Pink Pepperâ€¢ Base Notes : Vanilla, Myrrhâ€¢ Usage time : Day & Night / Casual and Formal WearMartini in New Yorkâ€¢ Top Notes : TBAâ€¢ Middle Notes : TBAâ€¢ Base Notes : TBA â€¢ Usage time : Day & Night / Casual and Formal Wear**Ketahanan parfum bisa berbeda beda disetiap pemakainya. Tergantung dengan jenin kulit, tingkat kelembapan kulit (semakin lembap semakin tahan lama), keadaan cuaca, jumlah keringat, suhu badan."
Parfum Fragrance World French Avenue Glorious Oud EDP 80ml for Unisex,ETC,Jakarta Barat,40+ terjual,https://images.tokopedia.net/img/cache/200-square/VqbcmM/2023/7/19/2784afb4-ab6c-4762-918f-30fe17695795.png,https://www.tokopedia.com/etcstore/parfum-fragrance-world-french-avenue-glorious-oud-edp-80ml-for-unisex?extParam=ivf%3Dfalse%26src%3Dsearch,"Parfum ini mengingatkanku akan Initio Oud For GreatnessFragrance World Glorious Oud adalah parfum pria wanita dengan nuansa Oriental. Aromanya terdiri Saffron, Nutmeg, dan Lavender di top notes; Oud di Middle Notes; serta Musk dan Patchouli di base notes.Aroma: OrientalNamun, penting untuk diingat bahwa pengalaman aroma parfum dapat bervariasi antara individu karena interaksi dengan pH kulit dan kepekaan aroma pribadi.Disclaimers:Berdasarkan peraturan HAK KEKAYAAN INTELEKTUAL (HAKI) yang berlaku, maka untuk informasi produk yang lebih detail anda dapat mencarinya di internet."
Decant Parfum By The Fireplace Unisex EDT,ETC,Jakarta Barat,30+ terjual,https://images.tokopedia.net/img/cache/200-square/VqbcmM/2023/10/5/e120ae4b-0adf-4cb4-aca9-e9075c8c01d4.png,https://www.tokopedia.com/etcstore/decant-parfum-by-the-fireplace-unisex-edt-try-me-1ml-49a2d?extParam=ivf%3Dfalse%26src%3Dsearch,"Link Produk:https://tokopedia.com/etcstore/parfum-maison-margiela-replica-by-the-fireplace-edt-100ml-for-unisexhttps://tokopedia.com/etcstore/parfum-by-the-fireplace-edt-30ml-for-unisexBy the Fireplace adalah parfum Pria Wanita dengan nuansa Woody. Parfum ini memiliki notes yang terdiri dari Cloves, Pink Pepper dan Orange Blossom di Top Notes; Chestnut, Guaiac Wood dan Juniper pada Middle Notes; Serta Vanilla, Peru Balsam dan Cashmeran pada Base Notes.Aroma: WoodyPerfume rating 4.27 out of 5 with 10,373 votesNamun, penting untuk diingat bahwa pengalaman aroma parfum dapat bervariasi antara individu karena interaksi dengan pH kulit dan kepekaan aroma pribadi.Disclaimers:Berdasarkan peraturan HAK KEKAYAAN INTELEKTUAL (HAKI) yang berlaku, maka untuk informasi produk yang lebih detail anda dapat mencarinya di internet."
Scarlett Whitening Eau De Parfum Bundling,Scarlett Whitening Official Shop,Jakarta Utara,1rb+ terjual,https://images.tokopedia.net/img/cache/200-square/VqbcmM/2023/12/7/a13fe95e-ddf3-47a0-bae2-131303c4e74f.png,https://www.tokopedia.com/scarlettwhite/scarlett-whitening-eau-de-parfum-bundling-passion-eupho?extParam=ivf%3Dfalse%26src%3Dsearch,"Scarlett Whitening Eau De Parfum 30mlScarlett Whitening Eau De Parfum a Perfection untuk berikan kesegaran dan keharuman mewah dalam setiap semprotan dengan kemasan yang Ready To Go cocok untuk temani harimu, mudah dibawa kemana pun dan kapan pun tanpa takut pecah! dengan wangi yang mewahLuxurious Scent with Affordable Price.Bundle ini terdiri dari :1. Scarlett Whitening Eau De Parfum DreamySize - 30mlGender - Unisex | WomanTop Notes - Bergamot, Mandarin, Ginger, PearMiddle Notes - Jasmine, Tuberose, Orange Flower, GourmandBase Notes - Amber Dry, Cashmeran, Heliotrope, Vanilla2. Scarlett Whitening Eau De Parfum Sweet MemoriesSize - 30mlGender - Unisex | WomanTop Notes - Egyptian Balsam, Grapefruit, Damask RoseMiddle Notes - Vanilla, Honeysuckle, Jasmine, PeachBase Notes - Musky, Cashmeran, Amber3. Scarlett Whitening Eau De Parfum Euphoria 30mlSize - 30mlGender - Unisex | WomanTop Notes - Neroli, Pear, Mandarin, Exotic FruitsMiddle Notes - Orange Flower, Jasmine, Rose, PeachBase Notes - Woody, Vanilla, Tonka Bean, Milk4. Scarlett Whitening Eau De Parfum Passionate 30mlSize - 30mlGender - Unisex | WomanTop Notes - Pear, Apple, JasmineMiddle Notes - Ambrette, Moss, Ylang, Violet LeafBase Notes - Woody, Amber, MuskySemprotkan Scarlett Whitening Eau De Parfum  di area titik nadi dan area leher agar wangi tahan lebih lama."
Decant Parfum Fragrance World Ace of Spades EDP for Unisex,ETC,Jakarta Barat,100+ terjual,https://images.tokopedia.net/img/cache/200-square/VqbcmM/2023/8/6/baa83496-eb4f-415b-98e1-b099fda603ed.png,https://www.tokopedia.com/etcstore/decant-parfum-fragrance-world-ace-of-spades-edp-for-unisex-1ml-823f2?extParam=ivf%3Dfalse%26src%3Dsearch,"Fragrance World Ace of Spades adalah parfum pria dan wanita dengan nuansa Woody, Vanilla, Sweet.Parfum ini mengingatkan pada MMM Replica by The Fireplace. Parfum ini terdiri dari Woodsy Notes ,Agarwood (Oud), Vanilla , Sugar, Agarwood (Oud), Sandalwood and Herbal NotesNamun, penting untuk diingat bahwa pengalaman aroma parfum dapat bervariasi antara individu karena interaksi dengan pH kulit dan kepekaan aroma pribadi.Disclaimers:Berdasarkan peraturan HAK KEKAYAAN INTELEKTUAL (HAKI) yang berlaku, maka untuk informasi produk yang lebih detail anda dapat mencarinya di internet."
Parfum Fragrance World Cocktail Intense EDP Unisex 100 ML,Rumah Parfum,Jakarta Barat,100+ terjual,https://images.tokopedia.net/img/cache/200-square/VqbcmM/2023/9/16/5457c4bf-2851-4920-b15f-b38faec0e164.jpg,https://www.tokopedia.com/rumahparfumcom/parfum-fragrance-world-cocktail-intense-edp-unisex-100-ml-100-ml?extParam=ivf%3Dfalse%26src%3Dsearch,"Pembelian di toko kami dapat dilengkapi dengan Faktur Pajak. Ketentuan dapat dilihat pada Catatan Toko.Kemiripan Aroma Dengan K*****n Angel ShareDescription	:	-Top Note	:	CognacMiddle Note	:	Cinnamon, Tonka Bean and OakBase Note	:	Praline, Vanilla and SandalwoodGender	UnisexUkuran	100 MLJenis	EDPKekuatan Aroma	SedangKetahanan Aroma	6 - 10 JamWaktu Pemakaian	Sehari-hariUmur Pemakai	Segala umurKlasifikasi Aroma	Amber VanillaTahun diluncurkan	-"
Parfum Pria Wanita Fragrance World Neroli Riviera Unisex 80 ML,Rumah Parfum,Jakarta Barat,21 terjual,https://images.tokopedia.net/img/cache/200-square/VqbcmM/2023/10/25/6197200c-69e1-4f7b-95ec-db620fef58e1.jpg,https://www.tokopedia.com/rumahparfumcom/parfum-pria-wanita-fragrance-world-neroli-riviera-unisex-80-ml?extParam=ivf%3Dfalse%26src%3Dsearch,"Pembelian di toko kami dapat dilengkapi dengan Faktur Pajak. Ketentuan dapat dilihat pada Catatan Toko.Gender	UnisexUkuran	80 MLJenis	EDPDescription	:	-Top Note	:	Bergamot, Mandarin Orange, Lemon, Bitter Orange, Lavender, Rosemary and MyrtleMiddle Note	:	African Orange Flower, Neroli, Jasmine and PitosporumBase Note	:	Amber, Angelica and Ambrette (Musk Mallow)Kekuatan Aroma	SedangKetahanan Aroma	6 - 10 JamWaktu Pemakaian	Sehari-hariUmur Pemakai	Segala umurKlasifikasi Aroma	Citrus AromaticTahun diluncurkan	-"
Parfum Fragrance World Eau De Spice Mark & Victor EDP 100ml For Men,ETC,Jakarta Barat,22 terjual,https://images.tokopedia.net/img/cache/200-square/VqbcmM/2023/10/23/d67affbf-4578-41ce-94bd-5d8438b27ee6.png,https://www.tokopedia.com/etcstore/parfum-fragrance-world-eau-de-spice-mark-victor-edp-100ml-for-men?extParam=ivf%3Dfalse%26src%3Dsearch,"Link Try Me :https://tokopedia.com/etcstore/decant-parfum-fragrance-world-de-spice-mark-victor-edp-for-menInspired By VR SpicebombFragrance World De Spice Mark & Victor adalah parfum pria dan wanita dengan aroma Warm Spicy dengan Top notes : Pink Pepper, elemi, Bergamot and Grapefruit, Middle note : Cinnamon, Saffron and Paprika, Base notes : Leather and VetiverNamun, penting untuk diingat bahwa pengalaman aroma parfum dapat bervariasi antara individu karena interaksi dengan pH kulit dan kepekaan aroma pribadi.Disclaimers:Berdasarkan peraturan HAK KEKAYAAN INTELEKTUAL (HAKI) yang berlaku, maka untuk informasi produk yang lebih detail anda dapat membaca artikel atau menonton review secara mandiri."
Decant Parfum Armaf Club de nuit Sillage EDP For Unisex,ETC,Jakarta Barat,500+ terjual,https://images.tokopedia.net/img/cache/200-square/VqbcmM/2023/6/11/d505a0cc-735f-4bb2-85c7-f3081a8528de.png,https://www.tokopedia.com/etcstore/decant-parfum-armaf-club-de-nuit-sillage-edp-for-unisex-try-me-10ml?extParam=ivf%3Dfalse%26src%3Dsearch,"Link Produk:https://tokopedia.com/etcstore/parfum-armaf-club-de-nuit-sillage-edp-105ml-for-unisexArmaf Club de Nuit Sillage adalah parfum pria wanita dengan nuansa Floral Woody Musk. Aroma parfum ini terdiri dari Bergamot, Black Currant, Lemon, Lime, Violet Leaf dan Ginger, Rose, Jasmine  Iris , Ambroxan, Musk, Sandalwood dan Cedar .Perfume dupe: Creed Silver Mountain WaterAroma: Floral Woody MuskPerfume rating 4.04 out of 5 with 1,552 votesNamun, penting untuk diingat bahwa pengalaman aroma parfum dapat bervariasi antara individu karena interaksi dengan pH kulit dan kepekaan aroma pribadi.Disclaimers:Berdasarkan peraturan HAK KEKAYAAN INTELEKTUAL (HAKI) yang berlaku, maka untuk informasi produk yang lebih detail anda dapat membaca artikel atau menonton review secara mandiri."
Morris Parfum Unisex Travel Edition 100ml,Morris Parfum,Jakarta Barat,4rb+ terjual,https://images.tokopedia.net/img/cache/200-square/VqbcmM/2023/3/13/b37d4f45-6325-4e65-82ab-d77505b24a79.jpg,https://www.tokopedia.com/morrisparfum/morris-parfum-unisex-travel-edition-100ml-hokkaido?extParam=cmp%3D1%26ivf%3Dtrue%26src%3Dsearch,"Note: Tersedia tutup botol Hitam dan Emas secara randomVarian t :MORRIS EAU DE PARFUM TRAVEL Edition CAPPADOCIA : Perpaduan antara oud dan musky menghasilkan aroma khas timur tengah yang kuat dan tahan lama, parfum dengan aroma ini sangat cocok bagi kita semua yang ingin merasakan sensasi berlibur di daerah subtropis seperti Cappadocia.MORRIS EAU DE PARFUM TRAVEL Edition PARIS :Aroma awal dari lemon, pineapple dan thyme memunculkan kombinasi aroma manis dan segar, kemudian disusul dengan aroma bunga mawar yang romantis serta diakhiri dengan aroma musky yang unik akan memberikan sensasi seperti berada di kota paris bagi kita semua yang memakai parfum ini.MORRIS EAU DE PARFUM TRAVEL Edition VENICE :Parfum ini memiliki keharuman buah-buahan yang segar dan ringan sehingga memberikan kesan seksi yang segar, serta dikombinasikan dengan aroma bunga yang memiliki ciri khas klasik dan romantis sangat cocok bagi kita semua yang sedang jatuh cinta dan ingin merasakan keromantisan kota venice.MORRIS EAU DE PARFUM TRAVEL Edition BALI :Perpaduan aroma dari fruity floral yang memberikan kesan seksi pada parfum ini mengingatkan kita dengan pulau bali yang sangat indah dan eksotis, cocok digunakan bagi kita semua yang rindu untuk kembali berlibur dan menikmati keindahan pulau dewata tersebut.MORRIS EAU DE PARFUM TRAVEL Edition SANTORINI :Dengan aroma pembuka fruity sweet yang menggoda serta aroma ozone yang ringan dan menyegarkan akan membuat siapa saja yang memakai parfum ini akan terasa seperti berlibur dipantai, parfum ini sangat cocok digunakan bagi siapa saja yang ingin menghilangkan kejenuhan terhadap rutinitas yang padat di tengah-tengah kota.MORRIS EAU DE PARFUM TRAVEL Edition HOKKAIDO :Parfum ini mempunyai aroma dari kombinasi floral yang menyegarkan serta aroma musky yang lembut akan terkesan seperti berada di japan bagi siapa saja yang memakainya, sangat cocok digunakan bagi siapa saja yang ingin merasakan sensai berlibur di negeri sakura tersebut."
Parfum Pria Wanita Zimaya Red Carpet Paragon Unisex 100 ML,Rumah Parfum,Jakarta Barat,24 terjual,https://images.tokopedia.net/img/cache/200-square/VqbcmM/2023/9/14/1218c772-0af2-4c98-8c46-734e695fdfeb.jpg,https://www.tokopedia.com/rumahparfumcom/parfum-pria-wanita-zimaya-red-carpet-paragon-unisex-100-ml?extParam=ivf%3Dfalse%26src%3Dsearch,"Pembelian di toko kami dapat dilengkapi dengan Faktur Pajak. Ketentuan dapat dilihat pada Catatan Toko.Gender	UnisexUkuran	100 MLJenis	EDPDescription	:	Top Note	:	Spices, Blood Orange, Black PepperMiddle Note	:	Lavender, Orange, AmberBase Note	:	Wood, Moss, Musk, Tonka BeanKekuatan Aroma	SedangKetahanan Aroma	6 - 10 JamWaktu Pemakaian	Sehari-hariUmur Pemakai	Segala umurKlasifikasi Aroma	Fresh SpicyTahun diluncurkan	-"
Parfum Fragrance World Mocha Wood EDP 100ml for Unisex,ETC,Jakarta Barat,70+ terjual,https://images.tokopedia.net/img/cache/200-square/VqbcmM/2023/7/19/f1af162b-635b-4983-83fe-7813152da27b.png,https://www.tokopedia.com/etcstore/parfum-fragrance-world-mocha-wood-edp-100ml-for-unisex?extParam=ivf%3Dfalse%26src%3Dsearch,"Parfum ini mengingatkanku akan Boadicea The Victorious Hero / Montale Intense CafeFragrance World Mocha Wood adalah parfum pria dengan nuansa Oriental Spicy. Aromanya terdiri Coffee, Hazelnut, Saffron, Ylang-Ylang dan Rhubarb di top notes; Rose, T0bacc0, Tonka Bean, Patchouli dan Sandalwood di Middle Notes; serta Siam Benzoin, Fir Resin, Indian Oud dan Guaiac Wood di base notes.Aroma: Oriental SpicyNamun, penting untuk diingat bahwa pengalaman aroma parfum dapat bervariasi antara individu karena interaksi dengan pH kulit dan kepekaan aroma pribadi.Disclaimers:Berdasarkan peraturan HAK KEKAYAAN INTELEKTUAL (HAKI) yang berlaku, maka untuk informasi produk yang lebih detail anda dapat mencarinya di internet."
